"GRID_ID","cluster","extended_cluster"
"A-2",2,2
"A-3",2,2
"A-4",2,2
"A-5",2,2
"A-6",2,2
"A-7",2,2
"AA-1",3,3
"AA-10",1,4
"AA-11",4,1
"AA-12",1,4
"AA-13",4,1
"AA-14",5,1
"AA-15",4,1
"AA-16",5,1
"AA-17",5,1
"AA-18",1,1
"AA-19",3,3
"AA-2",3,3
"AA-20",1,4
"AA-21",1,4
"AA-22",1,4
"AA-23",1,4
"AA-24",1,4
"AA-25",1,4
"AA-26",3,3
"AA-27",1,4
"AA-28",1,3
"AA-3",3,3
"AA-31",3,3
"AA-32",3,3
"AA-33",3,3
"AA-34",2,2
"AA-4",3,3
"AA-5",1,4
"AA-6",1,4
"AA-7",1,4
"AA-8",3,3
"AA-9",1,4
"AB-1",3,3
"AB-10",3,4
"AB-11",5,1
"AB-12",4,1
"AB-13",1,4
"AB-14",1,3
"AB-15",5,1
"AB-16",4,1
"AB-17",1,4
"AB-18",4,1
"AB-19",3,3
"AB-2",3,3
"AB-20",1,4
"AB-21",1,4
"AB-22",1,4
"AB-23",1,4
"AB-24",4,1
"AB-25",4,4
"AB-26",1,4
"AB-27",3,3
"AB-28",1,4
"AB-29",3,3
"AB-3",3,3
"AB-31",3,3
"AB-32",3,3
"AB-33",3,3
"AB-34",3,3
"AB-4",1,4
"AB-5",3,4
"AB-6",3,3
"AB-7",3,4
"AB-8",3,3
"AB-9",3,4
"AC-1",1,4
"AC-10",3,4
"AC-11",1,1
"AC-12",4,1
"AC-13",3,3
"AC-14",5,5
"AC-15",4,1
"AC-16",3,4
"AC-17",1,4
"AC-18",3,3
"AC-19",1,4
"AC-2",3,3
"AC-20",1,4
"AC-21",1,4
"AC-22",1,4
"AC-23",4,4
"AC-24",4,1
"AC-25",4,1
"AC-26",1,4
"AC-27",1,4
"AC-28",1,3
"AC-29",3,3
"AC-3",1,4
"AC-30",3,3
"AC-31",3,3
"AC-32",3,3
"AC-33",3,3
"AC-34",3,3
"AC-4",3,3
"AC-5",3,3
"AC-6",3,4
"AC-7",3,3
"AC-8",3,3
"AC-9",3,4
"AD-1",3,3
"AD-10",3,4
"AD-11",3,3
"AD-12",5,4
"AD-13",3,3
"AD-14",5,5
"AD-15",5,5
"AD-16",3,3
"AD-17",1,4
"AD-18",1,4
"AD-19",1,3
"AD-2",1,4
"AD-20",3,3
"AD-21",3,3
"AD-22",1,4
"AD-23",4,4
"AD-24",1,4
"AD-25",4,1
"AD-26",4,1
"AD-27",1,4
"AD-28",1,4
"AD-29",3,3
"AD-3",1,4
"AD-30",3,3
"AD-31",3,3
"AD-32",3,3
"AD-33",3,3
"AD-34",3,3
"AD-4",3,4
"AD-5",3,3
"AD-6",3,3
"AD-7",3,3
"AD-8",3,3
"AD-9",3,3
"AE-1",4,1
"AE-10",3,3
"AE-11",3,3
"AE-12",5,4
"AE-13",3,4
"AE-14",5,5
"AE-15",2,5
"AE-16",5,5
"AE-17",1,1
"AE-18",3,3
"AE-19",3,3
"AE-2",4,1
"AE-20",3,3
"AE-21",4,1
"AE-22",4,1
"AE-23",4,1
"AE-24",4,1
"AE-25",4,1
"AE-26",1,4
"AE-27",4,1
"AE-28",4,4
"AE-29",1,4
"AE-3",3,4
"AE-30",3,3
"AE-31",3,3
"AE-32",3,3
"AE-33",1,4
"AE-34",3,3
"AE-4",1,4
"AE-5",3,3
"AE-6",3,4
"AE-7",3,3
"AE-8",3,3
"AE-9",3,3
"AF-1",2,2
"AF-10",3,3
"AF-11",3,3
"AF-12",3,3
"AF-13",1,4
"AF-14",3,5
"AF-15",5,5
"AF-16",4,1
"AF-17",4,1
"AF-18",1,3
"AF-19",3,3
"AF-2",1,4
"AF-20",3,3
"AF-21",3,3
"AF-22",4,1
"AF-23",4,1
"AF-24",4,1
"AF-25",4,1
"AF-26",4,1
"AF-27",4,1
"AF-28",4,1
"AF-29",4,1
"AF-3",1,4
"AF-30",1,4
"AF-31",3,3
"AF-32",3,3
"AF-33",3,4
"AF-34",1,4
"AF-35",3,3
"AF-4",4,1
"AF-5",5,1
"AF-6",5,1
"AF-7",5,1
"AF-8",3,3
"AF-9",3,3
"AG-10",3,3
"AG-11",5,3
"AG-12",3,4
"AG-13",5,5
"AG-14",5,5
"AG-15",2,5
"AG-16",5,5
"AG-17",3,4
"AG-18",3,3
"AG-19",3,3
"AG-2",2,2
"AG-20",3,3
"AG-21",3,3
"AG-22",4,1
"AG-23",4,1
"AG-24",4,1
"AG-25",4,1
"AG-26",4,1
"AG-27",4,1
"AG-28",1,1
"AG-29",1,4
"AG-3",3,3
"AG-30",1,4
"AG-31",1,4
"AG-32",1,4
"AG-33",1,1
"AG-34",1,4
"AG-35",3,3
"AG-4",3,4
"AG-5",3,4
"AG-6",5,1
"AG-7",5,1
"AG-8",3,4
"AG-9",3,3
"AH-10",3,3
"AH-11",1,3
"AH-12",5,4
"AH-13",5,5
"AH-14",3,5
"AH-15",5,5
"AH-16",5,5
"AH-17",3,5
"AH-18",1,3
"AH-19",3,3
"AH-20",3,3
"AH-21",3,3
"AH-22",1,4
"AH-23",1,1
"AH-24",5,1
"AH-25",4,1
"AH-26",4,1
"AH-27",4,1
"AH-28",1,4
"AH-29",1,4
"AH-30",3,4
"AH-31",1,4
"AH-32",1,4
"AH-33",1,4
"AH-34",1,4
"AH-35",2,4
"AH-36",1,4
"AH-6",3,3
"AH-7",3,3
"AH-8",3,3
"AH-9",3,3
"AI-10",3,3
"AI-11",3,3
"AI-12",5,5
"AI-13",5,5
"AI-14",1,5
"AI-15",3,5
"AI-16",3,3
"AI-17",3,5
"AI-18",2,5
"AI-19",1,5
"AI-20",3,4
"AI-21",3,4
"AI-22",3,4
"AI-23",4,1
"AI-24",5,1
"AI-25",1,1
"AI-26",4,1
"AI-27",1,1
"AI-28",1,4
"AI-29",3,4
"AI-30",1,4
"AI-31",1,4
"AI-32",1,4
"AI-33",4,1
"AI-34",4,1
"AI-35",1,4
"AI-36",3,3
"AI-6",3,3
"AI-7",2,2
"AI-8",3,3
"AI-9",3,3
"AJ-11",3,3
"AJ-12",3,3
"AJ-13",3,3
"AJ-14",1,3
"AJ-15",3,5
"AJ-16",5,5
"AJ-17",2,5
"AJ-18",5,5
"AJ-19",5,5
"AJ-20",5,5
"AJ-21",5,5
"AJ-22",5,5
"AJ-23",5,1
"AJ-24",5,1
"AJ-25",1,1
"AJ-26",4,1
"AJ-27",1,1
"AJ-28",1,4
"AJ-29",1,4
"AJ-30",1,4
"AJ-31",4,1
"AJ-32",4,1
"AJ-33",4,1
"AJ-34",4,1
"AJ-35",1,4
"AJ-36",3,3
"AJ-37",2,2
"AK-11",2,2
"AK-12",2,2
"AK-13",3,3
"AK-14",3,3
"AK-15",3,3
"AK-16",3,3
"AK-17",3,3
"AK-18",5,5
"AK-19",5,5
"AK-20",5,5
"AK-21",5,5
"AK-22",5,5
"AK-23",5,1
"AK-24",4,1
"AK-25",4,1
"AK-26",1,4
"AK-27",1,1
"AK-28",1,4
"AK-29",3,4
"AK-30",1,4
"AK-31",1,4
"AK-32",1,1
"AK-33",4,1
"AK-34",1,4
"AK-35",3,4
"AK-36",1,4
"AK-37",3,3
"AL-13",2,2
"AL-14",3,3
"AL-16",2,2
"AL-17",2,2
"AL-18",2,2
"AL-19",3,3
"AL-20",5,5
"AL-21",5,5
"AL-22",5,4
"AL-23",3,3
"AL-24",3,4
"AL-25",1,1
"AL-26",1,4
"AL-27",4,1
"AL-28",4,1
"AL-29",4,4
"AL-30",1,4
"AL-31",1,4
"AL-32",1,4
"AL-33",1,4
"AL-34",2,4
"AL-35",3,3
"AL-36",1,4
"AL-37",3,4
"AM-13",2,2
"AM-19",2,3
"AM-20",5,4
"AM-21",5,4
"AM-22",3,4
"AM-23",3,3
"AM-24",5,1
"AM-25",3,4
"AM-26",4,1
"AM-27",4,1
"AM-28",3,4
"AM-29",1,4
"AM-30",1,4
"AM-31",3,3
"AM-32",3,3
"AM-33",3,3
"AM-34",3,3
"AM-35",3,3
"AM-36",1,1
"AM-37",3,3
"AN-21",3,3
"AN-22",3,4
"AN-23",3,3
"AN-24",5,3
"AN-25",5,1
"AN-26",4,1
"AN-27",1,4
"AN-28",1,4
"AN-29",3,4
"AN-30",1,4
"AN-31",3,3
"AN-32",3,3
"AN-33",2,2
"AN-34",3,3
"AN-35",2,2
"AN-36",3,3
"AN-37",3,3
"AO-22",3,3
"AO-23",3,3
"AO-24",3,3
"AO-25",4,1
"AO-26",1,1
"AO-27",4,4
"AO-28",1,4
"AO-29",1,4
"AO-30",3,3
"AO-31",3,3
"AO-32",3,3
"AO-33",3,3
"AO-34",2,2
"AO-35",2,2
"AO-36",3,3
"AO-37",3,3
"AP-23",2,2
"AP-24",2,2
"AP-25",1,4
"AP-26",4,1
"AP-27",4,1
"AP-28",1,4
"AP-29",3,4
"AP-30",1,4
"AP-31",1,4
"AP-32",3,3
"AP-33",2,2
"AP-34",3,3
"AP-35",3,3
"AP-36",3,3
"AP-37",3,3
"AQ-25",3,4
"AQ-26",4,1
"AQ-27",4,1
"AQ-28",4,4
"AQ-29",1,4
"AQ-30",1,4
"AQ-31",1,4
"AQ-32",1,3
"AQ-33",3,3
"AQ-34",3,3
"AQ-35",3,3
"AQ-36",3,3
"AQ-37",3,3
"AR-26",3,3
"AR-27",4,1
"AR-28",4,1
"AR-29",4,1
"AR-30",3,3
"AR-31",3,3
"AR-32",3,3
"AR-33",2,2
"AR-34",2,2
"AR-35",2,2
"AR-36",3,3
"AR-37",2,2
"AS-26",3,3
"AS-27",1,4
"AS-28",1,4
"AS-29",3,3
"AS-30",3,3
"AS-31",3,3
"AS-32",1,4
"AS-33",3,3
"AS-34",3,3
"AS-35",3,3
"AS-36",3,3
"AS-37",3,3
"AT-27",2,2
"AT-28",2,3
"AT-29",2,3
"AT-30",3,3
"AT-31",1,4
"AT-32",1,4
"AT-33",3,3
"AT-34",3,3
"AT-35",3,3
"AT-36",3,3
"AT-37",3,3
"AU-27",2,2
"AU-28",2,2
"AU-29",2,2
"AU-30",3,3
"AU-31",3,3
"AU-32",3,3
"AU-33",2,2
"AU-34",3,3
"AU-35",2,2
"AU-36",3,3
"AU-37",2,2
"B-3",2,2
"B-4",2,2
"B-5",2,2
"B-6",2,2
"B-7",2,2
"B-8",2,2
"C-2",2,2
"C-3",2,2
"C-4",2,2
"C-5",2,2
"C-6",2,2
"C-7",2,2
"D-3",2,2
"D-4",2,2
"D-5",2,2
"D-6",2,2
"D-7",2,2
"D-8",3,3
"E-2",2,2
"E-3",2,2
"E-4",2,2
"E-5",3,3
"E-6",2,2
"E-7",2,2
"E-8",2,2
"F-3",2,2
"F-4",2,2
"F-5",3,3
"F-6",2,2
"F-7",2,2
"F-8",2,2
"G-3",2,2
"G-4",2,2
"G-5",3,3
"G-6",2,2
"G-7",2,2
"H-4",2,2
"H-5",3,3
"H-6",2,2
"H-7",2,2
"I-5",2,2
"J-4",2,2
"J-5",2,2
"J-6",2,2
"J-7",2,2
"J-8",2,2
"K-4",2,2
"K-5",3,3
"K-6",3,3
"K-7",3,3
"K-8",3,3
"K-9",3,3
"L-5",3,3
"L-6",3,3
"L-7",2,2
"L-8",3,3
"L-9",2,2
"M-4",2,2
"M-5",3,3
"M-6",3,3
"M-7",3,3
"M-8",3,3
"M-9",3,3
"N-2",3,3
"N-3",3,3
"N-4",2,2
"N-5",3,3
"N-6",2,2
"N-8",3,3
"N-9",3,3
"O-1",2,2
"O-2",3,3
"O-3",3,3
"O-4",3,3
"O-5",3,3
"O-6",2,2
"O-7",3,3
"O-8",3,3
"O-9",3,3
"P-10",3,3
"P-11",1,4
"P-12",3,3
"P-2",3,3
"P-23",3,3
"P-24",3,3
"P-25",3,3
"P-3",3,3
"P-4",3,3
"P-5",3,3
"P-6",3,3
"P-8",3,3
"P-9",3,3
"Q-10",3,3
"Q-11",3,3
"Q-12",3,3
"Q-22",2,2
"Q-23",3,3
"Q-24",3,3
"Q-25",3,3
"Q-3",3,3
"Q-4",3,3
"Q-5",3,3
"Q-6",3,3
"Q-7",3,3
"Q-8",3,3
"Q-9",3,3
"R-10",3,3
"R-11",1,4
"R-12",3,3
"R-2",3,3
"R-23",3,3
"R-24",3,3
"R-25",3,3
"R-3",3,3
"R-4",3,3
"R-5",3,3
"R-6",3,3
"R-7",3,3
"R-8",3,3
"R-9",3,3
"S-1",2,2
"S-10",1,4
"S-11",1,4
"S-12",1,4
"S-13",3,4
"S-14",1,4
"S-15",3,3
"S-16",3,3
"S-2",2,2
"S-22",3,3
"S-23",3,3
"S-24",3,3
"S-25",2,2
"S-3",3,3
"S-4",3,3
"S-5",3,3
"S-6",3,3
"S-7",3,3
"S-8",3,3
"S-9",1,4
"T-10",3,3
"T-11",1,4
"T-12",4,1
"T-13",4,1
"T-14",4,1
"T-15",4,1
"T-16",3,3
"T-2",2,2
"T-23",3,3
"T-24",3,3
"T-25",3,3
"T-3",3,3
"T-4",2,2
"T-5",3,3
"T-6",3,3
"T-7",3,3
"T-8",3,3
"T-9",3,3
"U-10",1,4
"U-11",1,4
"U-12",4,1
"U-13",4,1
"U-14",4,1
"U-15",4,1
"U-16",3,3
"U-2",2,2
"U-22",3,3
"U-23",3,3
"U-24",3,3
"U-25",2,2
"U-3",3,3
"U-4",3,3
"U-5",3,3
"U-6",1,3
"U-7",3,3
"U-8",3,3
"U-9",1,4
"V-10",1,4
"V-11",1,4
"V-12",4,4
"V-13",4,1
"V-14",4,1
"V-15",4,1
"V-16",1,4
"V-21",1,4
"V-22",1,4
"V-23",3,3
"V-24",2,2
"V-25",3,3
"V-4",3,3
"V-5",3,3
"V-6",3,3
"V-7",3,3
"V-8",3,4
"V-9",3,3
"W-10",1,4
"W-11",3,3
"W-12",3,3
"W-13",1,1
"W-14",4,1
"W-15",4,1
"W-16",3,3
"W-17",3,3
"W-18",3,3
"W-19",2,2
"W-20",3,3
"W-21",1,4
"W-22",1,4
"W-23",3,3
"W-24",3,3
"W-25",3,3
"W-26",3,3
"W-27",3,3
"W-28",3,3
"W-3",3,3
"W-33",2,2
"W-4",3,3
"W-5",3,3
"W-6",3,3
"W-7",3,3
"W-8",3,4
"W-9",1,4
"X-10",1,4
"X-11",1,4
"X-12",4,1
"X-13",4,1
"X-14",1,4
"X-15",4,1
"X-16",4,1
"X-17",1,1
"X-18",4,1
"X-19",1,4
"X-20",2,3
"X-21",3,3
"X-22",1,4
"X-23",1,3
"X-24",3,3
"X-25",3,3
"X-26",3,3
"X-27",3,3
"X-28",1,4
"X-29",3,3
"X-33",3,3
"X-34",2,2
"X-4",3,3
"X-5",2,2
"X-6",1,4
"X-7",3,3
"X-8",3,3
"X-9",3,4
"Y-10",1,4
"Y-11",4,1
"Y-12",4,1
"Y-13",4,1
"Y-14",4,1
"Y-15",4,1
"Y-16",4,1
"Y-17",4,1
"Y-18",4,1
"Y-19",3,3
"Y-20",3,3
"Y-21",3,3
"Y-22",1,4
"Y-23",1,4
"Y-24",3,4
"Y-25",1,4
"Y-26",2,2
"Y-27",1,4
"Y-28",3,3
"Y-3",2,3
"Y-30",3,3
"Y-31",3,3
"Y-32",2,2
"Y-33",3,3
"Y-4",2,3
"Y-5",3,3
"Y-6",1,4
"Y-7",3,3
"Y-8",1,4
"Y-9",1,4
"Z-10",1,4
"Z-11",1,1
"Z-12",4,1
"Z-13",4,1
"Z-14",4,1
"Z-15",5,1
"Z-16",5,1
"Z-17",5,1
"Z-18",4,1
"Z-19",1,4
"Z-2",2,2
"Z-20",1,3
"Z-21",2,2
"Z-22",1,4
"Z-23",3,3
"Z-24",3,4
"Z-25",3,3
"Z-26",3,3
"Z-27",1,4
"Z-28",3,3
"Z-29",3,3
"Z-3",2,2
"Z-31",2,2
"Z-32",2,2
"Z-33",3,3
"Z-34",2,2
"Z-4",1,4
"Z-5",3,4
"Z-6",1,4
"Z-7",1,4
"Z-8",1,4
"Z-9",1,4
